timestamp,ticker,action,price,quantity,cash_after,holdings_after,entry_price,exit_price,position_size_value,realized_pnl,unrealized_pnl,model_confidence,trade_reason,threshold_summary,action_summary,technical_state_summary,news_sentiment_summary,benchmark_strength_summary,prediction_explanation,explanation
2022-12-09,VOO,buy,361.5199890136719,14.522018586920948,15750.0,14.522018586920948,361.5199890136719,,5250.0,0.0,0.0,0.6896570657018615,model_bullish_signal,Thresholds: confidence 69% >= required threshold 55%; max position size was capped at 25% of equity.,The simulator opened a position in response to a constructive model signal.,"Technical state is mixed, with price not fully aligned across the major moving averages. MACD remains on the bearish side.",News sentiment was limited because no recent articles were captured for this date.,Relative strength versus the benchmark looked weak. 1-month excess return 0.00%; 3-month excess return 0.00%; 6-month excess return 0.00%.,"Model view: the setup leaned constructive. Confidence was around 69%. Technical state is mixed, with price not fully aligned across the major moving averages. MACD remains on the bearish side. News sentiment was limited because no recent articles were captured for this date. Relative strength versus the benchmark looked weak. 1-month excess return 0.00%; 3-month excess return 0.00%; 6-month excess return 0.00%.","The simulator opened a position in response to a constructive model signal. Model view: the setup leaned constructive. Confidence was around 69%. Technical state is mixed, with price not fully aligned across the major moving averages. MACD remains on the bearish side. News sentiment was limited because no recent articles were captured for this date. Relative strength versus the benchmark looked weak. 1-month excess return 0.00%; 3-month excess return 0.00%; 6-month excess return 0.00%. Thresholds: confidence 69% >= required threshold 55%; max position size was capped at 25% of equity."
2022-12-12,VOO,sell,366.67999267578125,14.522018586920948,21074.933669089733,0.0,361.5199890136719,366.67999267578125,0.0,74.9336690897325,0.0,0.6969240012170625,model_bearish_signal,Thresholds: confidence 70% >= required threshold 55%; stop loss level was 325.37 (10% below entry); exit price was 366.68.,The simulator exited because the model signal turned cautious.,"Technical state is mixed, with price not fully aligned across the major moving averages. RSI is in a steady zone near 54.6. MACD remains on the bearish side.",News sentiment was limited because no recent articles were captured for this date.,Relative strength versus the benchmark looked weak. 1-month excess return 0.00%; 3-month excess return 0.00%; 6-month excess return 0.00%.,"Model view: the setup leaned cautious. Confidence was around 70%. Technical state is mixed, with price not fully aligned across the major moving averages. RSI is in a steady zone near 54.6. MACD remains on the bearish side. News sentiment was limited because no recent articles were captured for this date. Relative strength versus the benchmark looked weak. 1-month excess return 0.00%; 3-month excess return 0.00%; 6-month excess return 0.00%.","The simulator exited because the model signal turned cautious. Model view: the setup leaned cautious. Confidence was around 70%. Technical state is mixed, with price not fully aligned across the major moving averages. RSI is in a steady zone near 54.6. MACD remains on the bearish side. News sentiment was limited because no recent articles were captured for this date. Relative strength versus the benchmark looked weak. 1-month excess return 0.00%; 3-month excess return 0.00%; 6-month excess return 0.00%. Thresholds: confidence 70% >= required threshold 55%; stop loss level was 325.37 (10% below entry); exit price was 366.68."
2022-12-19,VOO,buy,350.80999755859375,15.01876643749991,15806.2002518173,15.01876643749991,350.80999755859375,,5268.733417272433,74.9336690897325,0.0,0.5509973345839322,model_bullish_signal,Thresholds: confidence 55% >= required threshold 55%; max position size was capped at 25% of equity.,The simulator opened a position in response to a constructive model signal.,"Technical state is soft, with price below the 50-day and 200-day averages. RSI is weak near 39.8. MACD remains on the bearish side.",News sentiment was limited because no recent articles were captured for this date.,Relative strength versus the benchmark looked weak. 1-month excess return 0.00%; 3-month excess return 0.00%; 6-month excess return 0.00%.,"Model view: the setup leaned constructive. Confidence was around 55%. Technical state is soft, with price below the 50-day and 200-day averages. RSI is weak near 39.8. MACD remains on the bearish side. News sentiment was limited because no recent articles were captured for this date. Relative strength versus the benchmark looked weak. 1-month excess return 0.00%; 3-month excess return 0.00%; 6-month excess return 0.00%.","The simulator opened a position in response to a constructive model signal. Model view: the setup leaned constructive. Confidence was around 55%. Technical state is soft, with price below the 50-day and 200-day averages. RSI is weak near 39.8. MACD remains on the bearish side. News sentiment was limited because no recent articles were captured for this date. Relative strength versus the benchmark looked weak. 1-month excess return 0.00%; 3-month excess return 0.00%; 6-month excess return 0.00%. Thresholds: confidence 55% >= required threshold 55%; max position size was capped at 25% of equity."
2022-12-21,VOO,sell,354.8999938964844,15.01876643749991,21136.360368818743,0.0,350.80999755859375,354.8999938964844,0.0,136.36036881874176,0.0,0.6001519365785712,model_bearish_signal,Thresholds: confidence 60% >= required threshold 55%; stop loss level was 315.73 (10% below entry); exit price was 354.90.,The simulator exited because the model signal turned cautious.,"Technical state is soft, with price below the 50-day and 200-day averages. MACD remains on the bearish side.",News sentiment was limited because no recent articles were captured for this date.,Relative strength versus the benchmark looked weak. 1-month excess return 0.00%; 3-month excess return 0.00%; 6-month excess return 0.00%.,"Model view: the setup leaned cautious. Confidence was around 60%. Technical state is soft, with price below the 50-day and 200-day averages. MACD remains on the bearish side. News sentiment was limited because no recent articles were captured for this date. Relative strength versus the benchmark looked weak. 1-month excess return 0.00%; 3-month excess return 0.00%; 6-month excess return 0.00%.","The simulator exited because the model signal turned cautious. Model view: the setup leaned cautious. Confidence was around 60%. Technical state is soft, with price below the 50-day and 200-day averages. MACD remains on the bearish side. News sentiment was limited because no recent articles were captured for this date. Relative strength versus the benchmark looked weak. 1-month excess return 0.00%; 3-month excess return 0.00%; 6-month excess return 0.00%. Thresholds: confidence 60% >= required threshold 55%; stop loss level was 315.73 (10% below entry); exit price was 354.90."
2022-12-28,VOO,buy,346.1700134277344,15.264436222774622,15852.270276614057,15.264436222774622,346.1700134277344,,5284.090092204686,136.36036881874176,0.0,0.6576320902580765,model_bullish_signal,Thresholds: confidence 66% >= required threshold 55%; max position size was capped at 25% of equity.,The simulator opened a position in response to a constructive model signal.,"Technical state is soft, with price below the 50-day and 200-day averages. RSI is weak near 38.3. MACD remains on the bearish side.",News sentiment was limited because no recent articles were captured for this date.,Relative strength versus the benchmark looked weak. 1-month excess return 0.00%; 3-month excess return 0.00%; 6-month excess return 0.00%.,"Model view: the setup leaned constructive. Confidence was around 66%. Technical state is soft, with price below the 50-day and 200-day averages. RSI is weak near 38.3. MACD remains on the bearish side. News sentiment was limited because no recent articles were captured for this date. Relative strength versus the benchmark looked weak. 1-month excess return 0.00%; 3-month excess return 0.00%; 6-month excess return 0.00%.","The simulator opened a position in response to a constructive model signal. Model view: the setup leaned constructive. Confidence was around 66%. Technical state is soft, with price below the 50-day and 200-day averages. RSI is weak near 38.3. MACD remains on the bearish side. News sentiment was limited because no recent articles were captured for this date. Relative strength versus the benchmark looked weak. 1-month excess return 0.00%; 3-month excess return 0.00%; 6-month excess return 0.00%. Thresholds: confidence 66% >= required threshold 55%; max position size was capped at 25% of equity."
2022-12-30,VOO,sell,351.3399963378906,15.264436222774622,21215.27724322366,0.0,346.1700134277344,351.3399963378906,0.0,215.27724322365657,0.0,0.6421088978368857,model_bearish_signal,Thresholds: confidence 64% >= required threshold 55%; stop loss level was 311.55 (10% below entry); exit price was 351.34.,The simulator exited because the model signal turned cautious.,"Technical state is soft, with price below the 50-day and 200-day averages. MACD remains on the bearish side.",News sentiment was limited because no recent articles were captured for this date.,Relative strength versus the benchmark looked weak. 1-month excess return 0.00%; 3-month excess return 0.00%; 6-month excess return 0.00%.,"Model view: the setup leaned cautious. Confidence was around 64%. Technical state is soft, with price below the 50-day and 200-day averages. MACD remains on the bearish side. News sentiment was limited because no recent articles were captured for this date. Relative strength versus the benchmark looked weak. 1-month excess return 0.00%; 3-month excess return 0.00%; 6-month excess return 0.00%.","The simulator exited because the model signal turned cautious. Model view: the setup leaned cautious. Confidence was around 64%. Technical state is soft, with price below the 50-day and 200-day averages. MACD remains on the bearish side. News sentiment was limited because no recent articles were captured for this date. Relative strength versus the benchmark looked weak. 1-month excess return 0.00%; 3-month excess return 0.00%; 6-month excess return 0.00%. Thresholds: confidence 64% >= required threshold 55%; stop loss level was 311.55 (10% below entry); exit price was 351.34."
2023-01-04,VOO,buy,352.510009765625,15.755068386564425,16661.457932417747,15.755068386564425,352.510009765625,,5553.819310805915,215.27724322365657,0.0,0.5619766651251121,model_bullish_signal,Thresholds: confidence 56% >= required threshold 55%; max position size was capped at 25% of equity.,The simulator opened a position in response to a constructive model signal.,"Technical state is soft, with price below the 50-day and 200-day averages. MACD remains on the bearish side.",News sentiment was limited because no recent articles were captured for this date.,Relative strength versus the benchmark looked weak. 1-month excess return 0.00%; 3-month excess return 0.00%; 6-month excess return 0.00%.,"Model view: the setup leaned constructive. Confidence was around 56%. Technical state is soft, with price below the 50-day and 200-day averages. MACD remains on the bearish side. News sentiment was limited because no recent articles were captured for this date. Relative strength versus the benchmark looked weak. 1-month excess return 0.00%; 3-month excess return 0.00%; 6-month excess return 0.00%.","The simulator opened a position in response to a constructive model signal. Model view: the setup leaned constructive. Confidence was around 56%. Technical state is soft, with price below the 50-day and 200-day averages. MACD remains on the bearish side. News sentiment was limited because no recent articles were captured for this date. Relative strength versus the benchmark looked weak. 1-month excess return 0.00%; 3-month excess return 0.00%; 6-month excess return 0.00%. Thresholds: confidence 56% >= required threshold 55%; max position size was capped at 25% of equity."
2023-01-06,VOO,sell,356.5899963378906,15.755068386564425,22279.55771068597,0.0,352.510009765625,356.5899963378906,0.0,279.5577106859661,0.0,0.6703835009062775,model_bearish_signal,Thresholds: confidence 67% >= required threshold 55%; stop loss level was 317.26 (10% below entry); exit price was 356.59.,The simulator exited because the model signal turned cautious.,"Technical state is soft, with price below the 50-day and 200-day averages. RSI is in a steady zone near 51.2. MACD remains on the bearish side.",News sentiment was limited because no recent articles were captured for this date.,Relative strength versus the benchmark looked weak. 1-month excess return 0.00%; 3-month excess return 0.00%; 6-month excess return 0.00%.,"Model view: the setup leaned cautious. Confidence was around 67%. Technical state is soft, with price below the 50-day and 200-day averages. RSI is in a steady zone near 51.2. MACD remains on the bearish side. News sentiment was limited because no recent articles were captured for this date. Relative strength versus the benchmark looked weak. 1-month excess return 0.00%; 3-month excess return 0.00%; 6-month excess return 0.00%.","The simulator exited because the model signal turned cautious. Model view: the setup leaned cautious. Confidence was around 67%. Technical state is soft, with price below the 50-day and 200-day averages. RSI is in a steady zone near 51.2. MACD remains on the bearish side. News sentiment was limited because no recent articles were captured for this date. Relative strength versus the benchmark looked weak. 1-month excess return 0.00%; 3-month excess return 0.00%; 6-month excess return 0.00%. Thresholds: confidence 67% >= required threshold 55%; stop loss level was 317.26 (10% below entry); exit price was 356.59."
2023-09-22,VOO,buy,396.9599914550781,19.06965334194929,22709.66828301448,19.06965334194929,396.9599914550781,,7569.889427671493,279.5577106859661,0.0,0.6075729749658945,model_bullish_signal,Thresholds: confidence 61% >= required threshold 55%; max position size was capped at 25% of equity.,The simulator opened a position in response to a constructive model signal.,"Technical state is mixed, with price not fully aligned across the major moving averages. RSI is weak near 33.3. MACD remains on the bearish side. Volatility is relatively contained at roughly 11.8%.",News sentiment was limited because no recent articles were captured for this date.,Relative strength versus the benchmark looked weak. 1-month excess return 0.00%; 3-month excess return 0.00%; 6-month excess return 0.00%.,"Model view: the setup leaned constructive. Confidence was around 61%. Technical state is mixed, with price not fully aligned across the major moving averages. RSI is weak near 33.3. MACD remains on the bearish side. Volatility is relatively contained at roughly 11.8%. News sentiment was limited because no recent articles were captured for this date. Relative strength versus the benchmark looked weak. 1-month excess return 0.00%; 3-month excess return 0.00%; 6-month excess return 0.00%.","The simulator opened a position in response to a constructive model signal. Model view: the setup leaned constructive. Confidence was around 61%. Technical state is mixed, with price not fully aligned across the major moving averages. RSI is weak near 33.3. MACD remains on the bearish side. Volatility is relatively contained at roughly 11.8%. News sentiment was limited because no recent articles were captured for this date. Relative strength versus the benchmark looked weak. 1-month excess return 0.00%; 3-month excess return 0.00%; 6-month excess return 0.00%. Thresholds: confidence 61% >= required threshold 55%; max position size was capped at 25% of equity."
2023-11-14,VOO,sell,412.2200012207031,19.06965334194929,32570.5608069112,0.0,396.9599914550781,412.2200012207031,0.0,570.5608069111956,0.0,0.6191185623414905,model_bearish_signal,Thresholds: confidence 62% >= required threshold 55%; stop loss level was 357.26 (10% below entry); exit price was 412.22.,The simulator exited because the model signal turned cautious.,"Technical state is constructive, with price above the 50-day and 200-day averages. MACD remains on the bullish side.",News sentiment was limited because no recent articles were captured for this date.,Relative strength versus the benchmark looked weak. 1-month excess return 0.00%; 3-month excess return 0.00%; 6-month excess return 0.00%.,"Model view: the setup leaned cautious. Confidence was around 62%. Technical state is constructive, with price above the 50-day and 200-day averages. MACD remains on the bullish side. News sentiment was limited because no recent articles were captured for this date. Relative strength versus the benchmark looked weak. 1-month excess return 0.00%; 3-month excess return 0.00%; 6-month excess return 0.00%.","The simulator exited because the model signal turned cautious. Model view: the setup leaned cautious. Confidence was around 62%. Technical state is constructive, with price above the 50-day and 200-day averages. MACD remains on the bullish side. News sentiment was limited because no recent articles were captured for this date. Relative strength versus the benchmark looked weak. 1-month excess return 0.00%; 3-month excess return 0.00%; 6-month excess return 0.00%. Thresholds: confidence 62% >= required threshold 55%; stop loss level was 357.26 (10% below entry); exit price was 412.22."
2023-11-17,VOO,buy,414.30999755859375,19.653496777075063,24427.920605183397,19.653496777075063,414.30999755859375,,8142.6402017278,570.5608069111956,0.0,0.5560672822682494,model_bullish_signal,Thresholds: confidence 56% >= required threshold 55%; max position size was capped at 25% of equity.,The simulator opened a position in response to a constructive model signal.,"Technical state is constructive, with price above the 50-day and 200-day averages. MACD remains on the bullish side. Volatility is relatively contained at roughly 14.7%.",News sentiment was limited because no recent articles were captured for this date.,Relative strength versus the benchmark looked weak. 1-month excess return 0.00%; 3-month excess return 0.00%; 6-month excess return 0.00%.,"Model view: the setup leaned constructive. Confidence was around 56%. Technical state is constructive, with price above the 50-day and 200-day averages. MACD remains on the bullish side. Volatility is relatively contained at roughly 14.7%. News sentiment was limited because no recent articles were captured for this date. Relative strength versus the benchmark looked weak. 1-month excess return 0.00%; 3-month excess return 0.00%; 6-month excess return 0.00%.","The simulator opened a position in response to a constructive model signal. Model view: the setup leaned constructive. Confidence was around 56%. Technical state is constructive, with price above the 50-day and 200-day averages. MACD remains on the bullish side. Volatility is relatively contained at roughly 14.7%. News sentiment was limited because no recent articles were captured for this date. Relative strength versus the benchmark looked weak. 1-month excess return 0.00%; 3-month excess return 0.00%; 6-month excess return 0.00%. Thresholds: confidence 56% >= required threshold 55%; max position size was capped at 25% of equity."
2023-11-20,VOO,sell,417.42999267578125,19.653496777075063,32631.879620891334,0.0,414.30999755859375,417.42999267578125,0.0,631.8796208913301,0.0,0.5563756162915199,model_bearish_signal,Thresholds: confidence 56% >= required threshold 55%; stop loss level was 372.88 (10% below entry); exit price was 417.43.,The simulator exited because the model signal turned cautious.,"Technical state is constructive, with price above the 50-day and 200-day averages. RSI is elevated near 72.1, so chasing strength may add risk. MACD remains on the bullish side. Volatility is relatively contained at roughly 14.6%.",News sentiment was limited because no recent articles were captured for this date.,Relative strength versus the benchmark looked weak. 1-month excess return 0.00%; 3-month excess return 0.00%; 6-month excess return 0.00%.,"Model view: the setup leaned cautious. Confidence was around 56%. Technical state is constructive, with price above the 50-day and 200-day averages. RSI is elevated near 72.1, so chasing strength may add risk. MACD remains on the bullish side. Volatility is relatively contained at roughly 14.6%. News sentiment was limited because no recent articles were captured for this date. Relative strength versus the benchmark looked weak. 1-month excess return 0.00%; 3-month excess return 0.00%; 6-month excess return 0.00%.","The simulator exited because the model signal turned cautious. Model view: the setup leaned cautious. Confidence was around 56%. Technical state is constructive, with price above the 50-day and 200-day averages. RSI is elevated near 72.1, so chasing strength may add risk. MACD remains on the bullish side. Volatility is relatively contained at roughly 14.6%. News sentiment was limited because no recent articles were captured for this date. Relative strength versus the benchmark looked weak. 1-month excess return 0.00%; 3-month excess return 0.00%; 6-month excess return 0.00%. Thresholds: confidence 56% >= required threshold 55%; stop loss level was 372.88 (10% below entry); exit price was 417.43."
2023-11-22,VOO,buy,418.1400146484375,19.510139234298986,24473.909715668502,19.510139234298986,418.1400146484375,,8157.969905222833,631.8796208913301,0.0,0.6205681968348613,model_bullish_signal,Thresholds: confidence 62% >= required threshold 55%; max position size was capped at 25% of equity.,The simulator opened a position in response to a constructive model signal.,"Technical state is constructive, with price above the 50-day and 200-day averages. RSI is elevated near 71.5, so chasing strength may add risk. MACD remains on the bullish side. Volatility is relatively contained at roughly 13.2%.",News sentiment was limited because no recent articles were captured for this date.,Relative strength versus the benchmark looked weak. 1-month excess return 0.00%; 3-month excess return 0.00%; 6-month excess return 0.00%.,"Model view: the setup leaned constructive. Confidence was around 62%. Technical state is constructive, with price above the 50-day and 200-day averages. RSI is elevated near 71.5, so chasing strength may add risk. MACD remains on the bullish side. Volatility is relatively contained at roughly 13.2%. News sentiment was limited because no recent articles were captured for this date. Relative strength versus the benchmark looked weak. 1-month excess return 0.00%; 3-month excess return 0.00%; 6-month excess return 0.00%.","The simulator opened a position in response to a constructive model signal. Model view: the setup leaned constructive. Confidence was around 62%. Technical state is constructive, with price above the 50-day and 200-day averages. RSI is elevated near 71.5, so chasing strength may add risk. MACD remains on the bullish side. Volatility is relatively contained at roughly 13.2%. News sentiment was limited because no recent articles were captured for this date. Relative strength versus the benchmark looked weak. 1-month excess return 0.00%; 3-month excess return 0.00%; 6-month excess return 0.00%. Thresholds: confidence 62% >= required threshold 55%; max position size was capped at 25% of equity."
2023-11-30,VOO,sell,419.3999938964844,19.510139234298986,32656.461991453056,0.0,418.1400146484375,419.3999938964844,0.0,656.461991453052,0.0,0.5652530852558231,model_bearish_signal,Thresholds: confidence 57% >= required threshold 55%; stop loss level was 376.33 (10% below entry); exit price was 419.40.,The simulator exited because the model signal turned cautious.,"Technical state is constructive, with price above the 50-day and 200-day averages. RSI is elevated near 71.5, so chasing strength may add risk. MACD remains on the bullish side. Volatility is relatively contained at roughly 11.2%.",News sentiment was limited because no recent articles were captured for this date.,Relative strength versus the benchmark looked weak. 1-month excess return 0.00%; 3-month excess return 0.00%; 6-month excess return 0.00%.,"Model view: the setup leaned cautious. Confidence was around 57%. Technical state is constructive, with price above the 50-day and 200-day averages. RSI is elevated near 71.5, so chasing strength may add risk. MACD remains on the bullish side. Volatility is relatively contained at roughly 11.2%. News sentiment was limited because no recent articles were captured for this date. Relative strength versus the benchmark looked weak. 1-month excess return 0.00%; 3-month excess return 0.00%; 6-month excess return 0.00%.","The simulator exited because the model signal turned cautious. Model view: the setup leaned cautious. Confidence was around 57%. Technical state is constructive, with price above the 50-day and 200-day averages. RSI is elevated near 71.5, so chasing strength may add risk. MACD remains on the bullish side. Volatility is relatively contained at roughly 11.2%. News sentiment was limited because no recent articles were captured for this date. Relative strength versus the benchmark looked weak. 1-month excess return 0.00%; 3-month excess return 0.00%; 6-month excess return 0.00%. Thresholds: confidence 57% >= required threshold 55%; stop loss level was 376.33 (10% below entry); exit price was 419.40."
2024-04-08,VOO,buy,476.67999267578125,19.74934052721271,28242.346493589794,19.74934052721271,476.67999267578125,,9414.115497863264,656.461991453052,0.0,0.7549444492812825,model_bullish_signal,Thresholds: confidence 75% >= required threshold 55%; max position size was capped at 25% of equity.,The simulator opened a position in response to a constructive model signal.,"Technical state is constructive, with price above the 50-day and 200-day averages. RSI is in a steady zone near 55.4. MACD remains on the bearish side. Volatility is relatively contained at roughly 9.9%.",News sentiment was limited because no recent articles were captured for this date.,Relative strength versus the benchmark looked weak. 1-month excess return 0.00%; 3-month excess return 0.00%; 6-month excess return 0.00%.,"Model view: the setup leaned constructive. Confidence was around 75%. Technical state is constructive, with price above the 50-day and 200-day averages. RSI is in a steady zone near 55.4. MACD remains on the bearish side. Volatility is relatively contained at roughly 9.9%. News sentiment was limited because no recent articles were captured for this date. Relative strength versus the benchmark looked weak. 1-month excess return 0.00%; 3-month excess return 0.00%; 6-month excess return 0.00%.","The simulator opened a position in response to a constructive model signal. Model view: the setup leaned constructive. Confidence was around 75%. Technical state is constructive, with price above the 50-day and 200-day averages. RSI is in a steady zone near 55.4. MACD remains on the bearish side. Volatility is relatively contained at roughly 9.9%. News sentiment was limited because no recent articles were captured for this date. Relative strength versus the benchmark looked weak. 1-month excess return 0.00%; 3-month excess return 0.00%; 6-month excess return 0.00%. Thresholds: confidence 75% >= required threshold 55%; max position size was capped at 25% of equity."
2024-05-20,VOO,sell,487.1700134277344,19.74934052721271,38863.63298342091,0.0,476.67999267578125,487.1700134277344,0.0,863.6329834209022,0.0,0.6214629528394673,model_bearish_signal,Thresholds: confidence 62% >= required threshold 55%; stop loss level was 429.01 (10% below entry); exit price was 487.17.,The simulator exited because the model signal turned cautious.,"Technical state is constructive, with price above the 50-day and 200-day averages. MACD remains on the bullish side. Volatility is relatively contained at roughly 11.1%.",News sentiment was limited because no recent articles were captured for this date.,Relative strength versus the benchmark looked weak. 1-month excess return 0.00%; 3-month excess return 0.00%; 6-month excess return 0.00%.,"Model view: the setup leaned cautious. Confidence was around 62%. Technical state is constructive, with price above the 50-day and 200-day averages. MACD remains on the bullish side. Volatility is relatively contained at roughly 11.1%. News sentiment was limited because no recent articles were captured for this date. Relative strength versus the benchmark looked weak. 1-month excess return 0.00%; 3-month excess return 0.00%; 6-month excess return 0.00%.","The simulator exited because the model signal turned cautious. Model view: the setup leaned cautious. Confidence was around 62%. Technical state is constructive, with price above the 50-day and 200-day averages. MACD remains on the bullish side. Volatility is relatively contained at roughly 11.1%. News sentiment was limited because no recent articles were captured for this date. Relative strength versus the benchmark looked weak. 1-month excess return 0.00%; 3-month excess return 0.00%; 6-month excess return 0.00%. Thresholds: confidence 62% >= required threshold 55%; stop loss level was 429.01 (10% below entry); exit price was 487.17."
2024-06-07,VOO,buy,490.79998779296875,20.305437028778183,29897.72473756568,20.305437028778183,490.79998779296875,,9965.908245855228,863.6329834209022,0.0,0.5602424302682693,model_bullish_signal,Thresholds: confidence 56% >= required threshold 55%; max position size was capped at 25% of equity.,The simulator opened a position in response to a constructive model signal.,"Technical state is constructive, with price above the 50-day and 200-day averages. RSI is in a steady zone near 64.2. MACD remains on the bullish side. Volatility is relatively contained at roughly 8.8%.",News sentiment was limited because no recent articles were captured for this date.,Relative strength versus the benchmark looked weak. 1-month excess return 0.00%; 3-month excess return 0.00%; 6-month excess return 0.00%.,"Model view: the setup leaned constructive. Confidence was around 56%. Technical state is constructive, with price above the 50-day and 200-day averages. RSI is in a steady zone near 64.2. MACD remains on the bullish side. Volatility is relatively contained at roughly 8.8%. News sentiment was limited because no recent articles were captured for this date. Relative strength versus the benchmark looked weak. 1-month excess return 0.00%; 3-month excess return 0.00%; 6-month excess return 0.00%.","The simulator opened a position in response to a constructive model signal. Model view: the setup leaned constructive. Confidence was around 56%. Technical state is constructive, with price above the 50-day and 200-day averages. RSI is in a steady zone near 64.2. MACD remains on the bullish side. Volatility is relatively contained at roughly 8.8%. News sentiment was limited because no recent articles were captured for this date. Relative strength versus the benchmark looked weak. 1-month excess return 0.00%; 3-month excess return 0.00%; 6-month excess return 0.00%. Thresholds: confidence 56% >= required threshold 55%; max position size was capped at 25% of equity."
2024-07-31,VOO,sell,505.92999267578125,20.305437028778183,41170.85434481397,0.0,490.79998779296875,505.92999267578125,0.0,1170.8543448139578,0.0,0.6700324901289532,model_bearish_signal,Thresholds: confidence 67% >= required threshold 55%; stop loss level was 441.72 (10% below entry); exit price was 505.93.,The simulator exited because the model signal turned cautious.,"Technical state is constructive, with price above the 50-day and 200-day averages. RSI is in a steady zone near 52.6. MACD remains on the bearish side. Volatility is relatively contained at roughly 14.8%.",News sentiment was limited because no recent articles were captured for this date.,Relative strength versus the benchmark looked weak. 1-month excess return 0.00%; 3-month excess return 0.00%; 6-month excess return 0.00%.,"Model view: the setup leaned cautious. Confidence was around 67%. Technical state is constructive, with price above the 50-day and 200-day averages. RSI is in a steady zone near 52.6. MACD remains on the bearish side. Volatility is relatively contained at roughly 14.8%. News sentiment was limited because no recent articles were captured for this date. Relative strength versus the benchmark looked weak. 1-month excess return 0.00%; 3-month excess return 0.00%; 6-month excess return 0.00%.","The simulator exited because the model signal turned cautious. Model view: the setup leaned cautious. Confidence was around 67%. Technical state is constructive, with price above the 50-day and 200-day averages. RSI is in a steady zone near 52.6. MACD remains on the bearish side. Volatility is relatively contained at roughly 14.8%. News sentiment was limited because no recent articles were captured for this date. Relative strength versus the benchmark looked weak. 1-month excess return 0.00%; 3-month excess return 0.00%; 6-month excess return 0.00%. Thresholds: confidence 67% >= required threshold 55%; stop loss level was 441.72 (10% below entry); exit price was 505.93."
2024-08-05,VOO,buy,475.20001220703125,22.185844518897717,31628.140758610476,22.185844518897717,475.20001220703125,,10542.713586203492,1170.8543448139578,0.0,0.6393019803118013,model_bullish_signal,Thresholds: confidence 64% >= required threshold 55%; max position size was capped at 25% of equity.,The simulator opened a position in response to a constructive model signal.,"Technical state is mixed, with price not fully aligned across the major moving averages. RSI is weak near 30.5. MACD remains on the bearish side.",News sentiment was limited because no recent articles were captured for this date.,Relative strength versus the benchmark looked weak. 1-month excess return 0.00%; 3-month excess return 0.00%; 6-month excess return 0.00%.,"Model view: the setup leaned constructive. Confidence was around 64%. Technical state is mixed, with price not fully aligned across the major moving averages. RSI is weak near 30.5. MACD remains on the bearish side. News sentiment was limited because no recent articles were captured for this date. Relative strength versus the benchmark looked weak. 1-month excess return 0.00%; 3-month excess return 0.00%; 6-month excess return 0.00%.","The simulator opened a position in response to a constructive model signal. Model view: the setup leaned constructive. Confidence was around 64%. Technical state is mixed, with price not fully aligned across the major moving averages. RSI is weak near 30.5. MACD remains on the bearish side. News sentiment was limited because no recent articles were captured for this date. Relative strength versus the benchmark looked weak. 1-month excess return 0.00%; 3-month excess return 0.00%; 6-month excess return 0.00%. Thresholds: confidence 64% >= required threshold 55%; max position size was capped at 25% of equity."
2024-08-13,VOO,sell,498.2099914550781,22.185844518897717,42681.350166794204,0.0,475.20001220703125,498.2099914550781,0.0,1681.3501667941887,0.0,0.6271386431783412,model_bearish_signal,Thresholds: confidence 63% >= required threshold 55%; stop loss level was 427.68 (10% below entry); exit price was 498.21.,The simulator exited because the model signal turned cautious.,"Technical state is mixed, with price not fully aligned across the major moving averages. RSI is in a steady zone near 51.8. MACD remains on the bearish side.",News sentiment was limited because no recent articles were captured for this date.,Relative strength versus the benchmark looked weak. 1-month excess return 0.00%; 3-month excess return 0.00%; 6-month excess return 0.00%.,"Model view: the setup leaned cautious. Confidence was around 63%. Technical state is mixed, with price not fully aligned across the major moving averages. RSI is in a steady zone near 51.8. MACD remains on the bearish side. News sentiment was limited because no recent articles were captured for this date. Relative strength versus the benchmark looked weak. 1-month excess return 0.00%; 3-month excess return 0.00%; 6-month excess return 0.00%.","The simulator exited because the model signal turned cautious. Model view: the setup leaned cautious. Confidence was around 63%. Technical state is mixed, with price not fully aligned across the major moving averages. RSI is in a steady zone near 51.8. MACD remains on the bearish side. News sentiment was limited because no recent articles were captured for this date. Relative strength versus the benchmark looked weak. 1-month excess return 0.00%; 3-month excess return 0.00%; 6-month excess return 0.00%. Thresholds: confidence 63% >= required threshold 55%; stop loss level was 427.68 (10% below entry); exit price was 498.21."
2024-09-03,VOO,buy,507.55999755859375,21.515362901383664,32761.012625095653,21.515362901383664,507.55999755859375,,10920.337541698551,1681.3501667941887,0.0,0.6630062629532091,model_bullish_signal,Thresholds: confidence 66% >= required threshold 55%; max position size was capped at 25% of equity.,The simulator opened a position in response to a constructive model signal.,"Technical state is constructive, with price above the 50-day and 200-day averages. RSI is in a steady zone near 50.7. MACD remains on the bullish side.",News sentiment was limited because no recent articles were captured for this date.,Relative strength versus the benchmark looked weak. 1-month excess return 0.00%; 3-month excess return 0.00%; 6-month excess return 0.00%.,"Model view: the setup leaned constructive. Confidence was around 66%. Technical state is constructive, with price above the 50-day and 200-day averages. RSI is in a steady zone near 50.7. MACD remains on the bullish side. News sentiment was limited because no recent articles were captured for this date. Relative strength versus the benchmark looked weak. 1-month excess return 0.00%; 3-month excess return 0.00%; 6-month excess return 0.00%.","The simulator opened a position in response to a constructive model signal. Model view: the setup leaned constructive. Confidence was around 66%. Technical state is constructive, with price above the 50-day and 200-day averages. RSI is in a steady zone near 50.7. MACD remains on the bullish side. News sentiment was limited because no recent articles were captured for this date. Relative strength versus the benchmark looked weak. 1-month excess return 0.00%; 3-month excess return 0.00%; 6-month excess return 0.00%. Thresholds: confidence 66% >= required threshold 55%; max position size was capped at 25% of equity."
2024-09-09,VOO,sell,502.2300109863281,21.515362901383664,43566.67357143241,0.0,507.55999755859375,502.2300109863281,0.0,1566.6735714323918,0.0,0.6299758135411462,model_bearish_signal,Thresholds: confidence 63% >= required threshold 55%; stop loss level was 456.80 (10% below entry); exit price was 502.23.,The simulator exited because the model signal turned cautious.,"Technical state is mixed, with price not fully aligned across the major moving averages. MACD remains on the bearish side.",News sentiment was limited because no recent articles were captured for this date.,Relative strength versus the benchmark looked weak. 1-month excess return 0.00%; 3-month excess return 0.00%; 6-month excess return 0.00%.,"Model view: the setup leaned cautious. Confidence was around 63%. Technical state is mixed, with price not fully aligned across the major moving averages. MACD remains on the bearish side. News sentiment was limited because no recent articles were captured for this date. Relative strength versus the benchmark looked weak. 1-month excess return 0.00%; 3-month excess return 0.00%; 6-month excess return 0.00%.","The simulator exited because the model signal turned cautious. Model view: the setup leaned cautious. Confidence was around 63%. Technical state is mixed, with price not fully aligned across the major moving averages. MACD remains on the bearish side. News sentiment was limited because no recent articles were captured for this date. Relative strength versus the benchmark looked weak. 1-month excess return 0.00%; 3-month excess return 0.00%; 6-month excess return 0.00%. Thresholds: confidence 63% >= required threshold 55%; stop loss level was 456.80 (10% below entry); exit price was 502.23."
2024-09-20,VOO,buy,523.8800048828125,20.79038766767683,32675.005178574305,20.79038766767683,523.8800048828125,,10891.668392858102,1566.6735714323918,0.0,0.6014570530031574,model_bullish_signal,Thresholds: confidence 60% >= required threshold 55%; max position size was capped at 25% of equity.,The simulator opened a position in response to a constructive model signal.,"Technical state is constructive, with price above the 50-day and 200-day averages. RSI is in a steady zone near 63.5. MACD remains on the bullish side. Volatility is relatively contained at roughly 14.5%.",News sentiment was limited because no recent articles were captured for this date.,Relative strength versus the benchmark looked weak. 1-month excess return 0.00%; 3-month excess return 0.00%; 6-month excess return 0.00%.,"Model view: the setup leaned constructive. Confidence was around 60%. Technical state is constructive, with price above the 50-day and 200-day averages. RSI is in a steady zone near 63.5. MACD remains on the bullish side. Volatility is relatively contained at roughly 14.5%. News sentiment was limited because no recent articles were captured for this date. Relative strength versus the benchmark looked weak. 1-month excess return 0.00%; 3-month excess return 0.00%; 6-month excess return 0.00%.","The simulator opened a position in response to a constructive model signal. Model view: the setup leaned constructive. Confidence was around 60%. Technical state is constructive, with price above the 50-day and 200-day averages. RSI is in a steady zone near 63.5. MACD remains on the bullish side. Volatility is relatively contained at roughly 14.5%. News sentiment was limited because no recent articles were captured for this date. Relative strength versus the benchmark looked weak. 1-month excess return 0.00%; 3-month excess return 0.00%; 6-month excess return 0.00%. Thresholds: confidence 60% >= required threshold 55%; max position size was capped at 25% of equity."
2024-11-01,VOO,sell,524.9400024414062,20.79038766767683,45588.71133160236,0.0,523.8800048828125,524.9400024414062,0.0,1588.7113316023467,0.0,0.6122584649213694,model_bearish_signal,Thresholds: confidence 61% >= required threshold 55%; stop loss level was 471.49 (10% below entry); exit price was 524.94.,The simulator exited because the model signal turned cautious.,"Technical state is constructive, with price above the 50-day and 200-day averages. MACD remains on the bearish side. Volatility is relatively contained at roughly 11.1%.",News sentiment was limited because no recent articles were captured for this date.,Relative strength versus the benchmark looked weak. 1-month excess return 0.00%; 3-month excess return 0.00%; 6-month excess return 0.00%.,"Model view: the setup leaned cautious. Confidence was around 61%. Technical state is constructive, with price above the 50-day and 200-day averages. MACD remains on the bearish side. Volatility is relatively contained at roughly 11.1%. News sentiment was limited because no recent articles were captured for this date. Relative strength versus the benchmark looked weak. 1-month excess return 0.00%; 3-month excess return 0.00%; 6-month excess return 0.00%.","The simulator exited because the model signal turned cautious. Model view: the setup leaned cautious. Confidence was around 61%. Technical state is constructive, with price above the 50-day and 200-day averages. MACD remains on the bearish side. Volatility is relatively contained at roughly 11.1%. News sentiment was limited because no recent articles were captured for this date. Relative strength versus the benchmark looked weak. 1-month excess return 0.00%; 3-month excess return 0.00%; 6-month excess return 0.00%. Thresholds: confidence 61% >= required threshold 55%; stop loss level was 471.49 (10% below entry); exit price was 524.94."
2024-11-12,VOO,buy,548.75,20.769344570206087,34191.53349870177,20.769344570206087,548.75,,11397.17783290059,1588.7113316023467,0.0,0.6174311617566113,model_bullish_signal,Thresholds: confidence 62% >= required threshold 55%; max position size was capped at 25% of equity.,The simulator opened a position in response to a constructive model signal.,"Technical state is constructive, with price above the 50-day and 200-day averages. MACD remains on the bullish side. Volatility is relatively contained at roughly 13.5%.",News sentiment was limited because no recent articles were captured for this date.,Relative strength versus the benchmark looked weak. 1-month excess return 0.00%; 3-month excess return 0.00%; 6-month excess return 0.00%.,"Model view: the setup leaned constructive. Confidence was around 62%. Technical state is constructive, with price above the 50-day and 200-day averages. MACD remains on the bullish side. Volatility is relatively contained at roughly 13.5%. News sentiment was limited because no recent articles were captured for this date. Relative strength versus the benchmark looked weak. 1-month excess return 0.00%; 3-month excess return 0.00%; 6-month excess return 0.00%.","The simulator opened a position in response to a constructive model signal. Model view: the setup leaned constructive. Confidence was around 62%. Technical state is constructive, with price above the 50-day and 200-day averages. MACD remains on the bullish side. Volatility is relatively contained at roughly 13.5%. News sentiment was limited because no recent articles were captured for this date. Relative strength versus the benchmark looked weak. 1-month excess return 0.00%; 3-month excess return 0.00%; 6-month excess return 0.00%. Thresholds: confidence 62% >= required threshold 55%; max position size was capped at 25% of equity."
2025-04-04,VOO,sell,465.5199890136719,20.769344570206087,48860.07855484527,0.0,548.75,465.5199890136719,0.0,-139.92144515474024,0.0,0.9748761263829256,stop_loss,Thresholds: confidence 97% >= required threshold 55%; stop loss level was 493.88 (10% below entry); exit price was 465.52.,The simulator exited to limit downside after the stop loss was reached.,"Technical state is soft, with price below the 50-day and 200-day averages. RSI is weak near 23.3. MACD remains on the bearish side. Volatility is elevated at roughly 31.5%.",News sentiment was limited because no recent articles were captured for this date.,Relative strength versus the benchmark looked weak. 1-month excess return 0.00%; 3-month excess return 0.00%; 6-month excess return 0.00%.,"Model view: the setup leaned constructive. Confidence was around 97%. Technical state is soft, with price below the 50-day and 200-day averages. RSI is weak near 23.3. MACD remains on the bearish side. Volatility is elevated at roughly 31.5%. News sentiment was limited because no recent articles were captured for this date. Relative strength versus the benchmark looked weak. 1-month excess return 0.00%; 3-month excess return 0.00%; 6-month excess return 0.00%.","The simulator exited to limit downside after the stop loss was reached. Model view: the setup leaned constructive. Confidence was around 97%. Technical state is soft, with price below the 50-day and 200-day averages. RSI is weak near 23.3. MACD remains on the bearish side. Volatility is elevated at roughly 31.5%. News sentiment was limited because no recent articles were captured for this date. Relative strength versus the benchmark looked weak. 1-month excess return 0.00%; 3-month excess return 0.00%; 6-month excess return 0.00%. Thresholds: confidence 97% >= required threshold 55%; stop loss level was 493.88 (10% below entry); exit price was 465.52."
2025-04-04,VOO,buy,465.5199890136719,26.23951694231668,36645.05891613395,26.23951694231668,465.5199890136719,,12215.019638711317,-139.92144515474024,0.0,0.9748761263829256,model_bullish_signal,Thresholds: confidence 97% >= required threshold 55%; max position size was capped at 25% of equity.,The simulator opened a position in response to a constructive model signal.,"Technical state is soft, with price below the 50-day and 200-day averages. RSI is weak near 23.3. MACD remains on the bearish side. Volatility is elevated at roughly 31.5%.",News sentiment was limited because no recent articles were captured for this date.,Relative strength versus the benchmark looked weak. 1-month excess return 0.00%; 3-month excess return 0.00%; 6-month excess return 0.00%.,"Model view: the setup leaned constructive. Confidence was around 97%. Technical state is soft, with price below the 50-day and 200-day averages. RSI is weak near 23.3. MACD remains on the bearish side. Volatility is elevated at roughly 31.5%. News sentiment was limited because no recent articles were captured for this date. Relative strength versus the benchmark looked weak. 1-month excess return 0.00%; 3-month excess return 0.00%; 6-month excess return 0.00%.","The simulator opened a position in response to a constructive model signal. Model view: the setup leaned constructive. Confidence was around 97%. Technical state is soft, with price below the 50-day and 200-day averages. RSI is weak near 23.3. MACD remains on the bearish side. Volatility is elevated at roughly 31.5%. News sentiment was limited because no recent articles were captured for this date. Relative strength versus the benchmark looked weak. 1-month excess return 0.00%; 3-month excess return 0.00%; 6-month excess return 0.00%. Thresholds: confidence 97% >= required threshold 55%; max position size was capped at 25% of equity."
